{"stats":{"minecraft:killed_by":{"minecraft:creeper":1,"minecraft:iron_golem":1,"minecraft:skeleton":2,"minecraft:zombie":3},"minecraft:used":{"minecraft:beetroot":1,"minecraft:poppy":1,"minecraft:spruce_planks":106,"minecraft:chest":2,"minecraft:rotten_flesh":1,"minecraft:torch":1,"minecraft:dirt":19,"minecraft:mutton":2,"minecraft:spruce_stairs":6,"minecraft:carrot":11,"minecraft:snowball":9,"minecraft:iron_axe":197,"minecraft:light_gray_wool":1,"minecraft:beef":13,"minecraft:sweet_berries":21,"minecraft:oak_sapling":9,"minecraft:beetroot_seeds":14,"minecraft:potato":46,"minecraft:beetroot_soup":2,"minecraft:cooked_mutton":2,"minecraft:spruce_door":4,"minecraft:rabbit":1,"minecraft:stone_pickaxe":148,"minecraft:baked_potato":2,"minecraft:oak_planks":57,"minecraft:spruce_sign":2,"minecraft:blue_bed":1,"minecraft:white_wool":4,"minecraft:crafting_table":4,"minecraft:red_bed":2,"minecraft:oak_log":4,"minecraft:black_wool":2,"minecraft:apple":2,"minecraft:chicken":2,"minecraft:bread":20,"minecraft:stone_axe":64,"minecraft:wooden_sword":59,"minecraft:cobblestone":6,"minecraft:porkchop":3},"minecraft:mined":{"minecraft:spruce_planks":10,"minecraft:granite":14,"minecraft:grass_block":16,"minecraft:spruce_leaves":21,"minecraft:large_fern":1,"minecraft:carrots":7,"minecraft:iron_ore":12,"minecraft:potatoes":27,"minecraft:packed_ice":4,"minecraft:stone":30,"minecraft:white_wool":2,"minecraft:red_bed":4,"minecraft:spruce_door":4,"minecraft:crafting_table":1,"minecraft:chest":3,"minecraft:cobblestone":4,"minecraft:oak_planks":85,"minecraft:birch_log":7,"minecraft:blue_ice":3,"minecraft:wheat":9,"minecraft:sweet_berry_bush":21,"minecraft:ice":27,"minecraft:spruce_log":36,"minecraft:birch_leaves":2,"minecraft:light_gray_wool":1,"minecraft:bee_nest":1,"minecraft:grass":9,"minecraft:oak_log":96,"minecraft:coal_ore":37,"minecraft:beetroots":11,"minecraft:gravel":1,"minecraft:dirt":9,"minecraft:oak_leaves":48,"minecraft:fern":2},"minecraft:custom":{"minecraft:interact_with_smithing_table":1,"minecraft:mob_kills":37,"minecraft:interact_with_crafting_table":11,"minecraft:bell_ring":4,"minecraft:leave_game":8,"minecraft:time_since_death":19495,"minecraft:sprint_one_cm":978898,"minecraft:walk_one_cm":439888,"minecraft:drop":7,"minecraft:talked_to_villager":5,"minecraft:play_time":175102,"minecraft:deaths":8,"minecraft:sneak_time":9935,"minecraft:walk_under_water_one_cm":1903,"minecraft:boat_one_cm":23069,"minecraft:jump":2204,"minecraft:walk_on_water_one_cm":44915,"minecraft:total_world_time":175102,"minecraft:interact_with_furnace":8,"minecraft:sleep_in_bed":9,"minecraft:time_since_rest":2708,"minecraft:damage_taken":3505,"minecraft:damage_dealt":7371,"minecraft:swim_one_cm":23758,"minecraft:fly_one_cm":260435,"minecraft:player_kills":1,"minecraft:open_chest":28,"minecraft:crouch_one_cm":35902,"minecraft:fall_one_cm":56090,"minecraft:horse_one_cm":3241},"minecraft:broken":{"minecraft:stone_pickaxe":1,"minecraft:iron_axe":1,"minecraft:wooden_sword":1},"minecraft:crafted":{"minecraft:wooden_sword":1,"minecraft:oak_planks":192,"minecraft:cooked_mutton":4,"minecraft:spruce_stairs":8,"minecraft:stone_pickaxe":1,"minecraft:chest":1,"minecraft:spruce_sign":9,"minecraft:crafting_table":3,"minecraft:spruce_planks":208,"minecraft:baked_potato":2,"minecraft:stone_axe":1,"minecraft:stick":12},"minecraft:dropped":{"minecraft:iron_ingot":1,"minecraft:poisonous_potato":2,"minecraft:dirt":2,"minecraft:red_bed":1,"minecraft:salmon":2,"minecraft:wooden_pickaxe":1},"minecraft:killed":{"minecraft:spider":5,"minecraft:skeleton":4,"minecraft:chicken":1,"minecraft:pig":4,"minecraft:iron_golem":1,"minecraft:creeper":1,"minecraft:sheep":5,"minecraft:zombie":7,"minecraft:cow":6},"minecraft:picked_up":{"minecraft:charcoal":3,"minecraft:crafting_table":2,"minecraft:wheat":7,"minecraft:chicken":2,"minecraft:wooden_pickaxe":1,"minecraft:shield":1,"minecraft:oak_trapdoor":4,"minecraft:string":9,"minecraft:red_bed":4,"minecraft:iron_axe":2,"minecraft:wooden_sword":3,"minecraft:beetroot":5,"minecraft:spruce_planks":113,"minecraft:beef":18,"minecraft:oak_boat":2,"minecraft:poppy":2,"minecraft:iron_pickaxe":1,"minecraft:light_gray_wool":1,"minecraft:chest":11,"minecraft:sugar_cane":14,"minecraft:furnace":3,"minecraft:raw_iron":48,"minecraft:stick":10,"minecraft:torch":5,"minecraft:bowl":4,"minecraft:porkchop":7,"minecraft:snow_block":1,"minecraft:carrot":15,"minecraft:arrow":8,"minecraft:stone_shovel":1,"minecraft:rotten_flesh":19,"minecraft:beetroot_seeds":20,"minecraft:mutton":8,"minecraft:white_wool":5,"minecraft:snowball":86,"minecraft:cobblestone":80,"minecraft:birch_log":7,"minecraft:glow_ink_sac":9,"minecraft:salmon":4,"minecraft:leather":36,"minecraft:potato":66,"minecraft:flint":10,"minecraft:oak_log":98,"minecraft:gunpowder":1,"minecraft:blue_bed":1,"minecraft:dirt":29,"minecraft:bone":10,"minecraft:apple":3,"minecraft:wheat_seeds":28,"minecraft:iron_ingot":42,"minecraft:stone_pickaxe":5,"minecraft:rabbit":1,"minecraft:oak_planks":286,"minecraft:iron_sword":1,"minecraft:cooked_porkchop":1,"minecraft:sweet_berries":51,"minecraft:oak_pressure_plate":1,"minecraft:poisonous_potato":2,"minecraft:gravel":11,"minecraft:sand":63,"minecraft:spruce_sapling":3,"minecraft:spruce_log":53,"minecraft:spider_eye":7,"minecraft:spruce_door":4,"minecraft:granite":13,"minecraft:oak_sapling":13,"minecraft:black_wool":2,"minecraft:coal":67}},"DataVersion":3120}