{"stats":{"minecraft:broken":{"minecraft:stone_pickaxe":1,"minecraft:stone_axe":2},"minecraft:custom":{"minecraft:interact_with_furnace":8,"minecraft:mob_kills":26,"minecraft:interact_with_crafting_table":9,"minecraft:leave_game":9,"minecraft:time_since_death":8040,"minecraft:sleep_in_bed":6,"minecraft:time_since_rest":8060,"minecraft:sprint_one_cm":465013,"minecraft:damage_taken":1533,"minecraft:walk_one_cm":122137,"minecraft:drop":7,"minecraft:damage_dealt":2546,"minecraft:swim_one_cm":27912,"minecraft:fly_one_cm":94562,"minecraft:player_kills":1,"minecraft:open_chest":7,"minecraft:crouch_one_cm":8013,"minecraft:play_time":94426,"minecraft:deaths":4,"minecraft:sneak_time":5722,"minecraft:walk_under_water_one_cm":12762,"minecraft:boat_one_cm":40419,"minecraft:jump":880,"minecraft:interact_with_blast_furnace":1,"minecraft:walk_on_water_one_cm":23541,"minecraft:total_world_time":94426,"minecraft:fall_one_cm":14143},"minecraft:crafted":{"minecraft:oak_planks":272,"minecraft:crafting_table":2,"minecraft:wooden_pickaxe":1,"minecraft:furnace":1,"minecraft:cooked_salmon":13,"minecraft:stone_axe":2,"minecraft:oak_boat":2,"minecraft:stick":8,"minecraft:iron_pickaxe":1,"minecraft:stone_pickaxe":1,"minecraft:torch":4},"minecraft:dropped":{"minecraft:cooked_salmon":4,"minecraft:beef":1,"minecraft:wooden_pickaxe":1,"minecraft:bone":1},"minecraft:killed_by":{"minecraft:skeleton":1,"minecraft:zombie":1,"minecraft:iron_golem":2},"minecraft:used":{"minecraft:stone_pickaxe":72,"minecraft:oak_planks":199,"minecraft:wooden_pickaxe":53,"minecraft:cooked_salmon":8,"minecraft:blue_bed":1,"minecraft:torch":5,"minecraft:dirt":16,"minecraft:sand":7,"minecraft:crafting_table":3,"minecraft:white_bed":2,"minecraft:spruce_log":3,"minecraft:oak_log":3,"minecraft:iron_pickaxe":46,"minecraft:stone_axe":232,"minecraft:cobblestone":2,"minecraft:furnace":1,"minecraft:oak_sapling":15,"minecraft:oak_boat":5,"minecraft:potato":5},"minecraft:killed":{"minecraft:wolf":1,"minecraft:salmon":20,"minecraft:spider":1,"minecraft:iron_golem":1,"minecraft:zombie":1},"minecraft:picked_up":{"minecraft:crafting_table":1,"minecraft:glow_ink_sac":7,"minecraft:salmon":33,"minecraft:wooden_pickaxe":2,"minecraft:potato":74,"minecraft:oak_log":200,"minecraft:shield":3,"minecraft:lantern":2,"minecraft:dirt":79,"minecraft:blue_bed":3,"minecraft:raw_copper":57,"minecraft:cooked_salmon":17,"minecraft:beetroot_soup":2,"minecraft:bone":2,"minecraft:wheat_seeds":15,"minecraft:beef":2,"minecraft:iron_ingot":10,"minecraft:stone_pickaxe":2,"minecraft:oak_boat":9,"minecraft:sugar_cane":18,"minecraft:oak_planks":398,"minecraft:furnace":3,"minecraft:stick":19,"minecraft:sweet_berries":153,"minecraft:torch":21,"minecraft:sand":161,"minecraft:spruce_sapling":8,"minecraft:diorite":1,"minecraft:blast_furnace":3,"minecraft:carrot":2,"minecraft:white_bed":7,"minecraft:spruce_log":291,"minecraft:rabbit_foot":2,"minecraft:rotten_flesh":14,"minecraft:beetroot_seeds":9,"minecraft:stone_axe":2,"minecraft:bone_meal":2,"minecraft:emerald":12,"minecraft:bread":7,"minecraft:oak_sapling":86,"minecraft:coal":22,"minecraft:cobblestone":179},"minecraft:mined":{"minecraft:oak_sapling":21,"minecraft:white_bed":4,"minecraft:crafting_table":1,"minecraft:torch":3,"minecraft:blast_furnace":1,"minecraft:grass_block":7,"minecraft:copper_ore":20,"minecraft:spruce_leaves":49,"minecraft:oak_planks":16,"minecraft:sugar_cane":2,"minecraft:diorite":1,"minecraft:blue_bed":3,"minecraft:wall_torch":6,"minecraft:furnace":1,"minecraft:wheat":5,"minecraft:sweet_berry_bush":23,"minecraft:spruce_log":137,"minecraft:grass":5,"minecraft:oak_log":83,"minecraft:potatoes":16,"minecraft:coal_ore":13,"minecraft:lantern":2,"minecraft:dirt":21,"minecraft:sand":58,"minecraft:stone":53,"minecraft:oak_leaves":14,"minecraft:fern":3}},"DataVersion":3120}