{"stats":{"minecraft:killed_by":{"minecraft:skeleton":1,"minecraft:creeper":1,"minecraft:zombie":1},"minecraft:used":{"minecraft:oak_log":6,"minecraft:wooden_axe":6,"minecraft:apple":3,"minecraft:stone_pickaxe":12,"minecraft:iron_pickaxe":55,"minecraft:oak_planks":48,"minecraft:chest":1,"minecraft:wooden_pickaxe":10,"minecraft:stone_axe":1,"minecraft:torch":24,"minecraft:oak_door":1,"minecraft:wooden_sword":16,"minecraft:cobblestone":28,"minecraft:crafting_table":4,"minecraft:oak_sapling":5,"minecraft:white_bed":2,"minecraft:snowball":16},"minecraft:mined":{"minecraft:white_bed":2,"minecraft:crafting_table":3,"minecraft:coal_ore":31,"minecraft:grass_block":5,"minecraft:oak_log":43,"minecraft:poppy":2,"minecraft:dirt":1,"minecraft:cobblestone":1,"minecraft:stone":45,"minecraft:oak_planks":7,"minecraft:oak_leaves":13},"minecraft:custom":{"minecraft:time_since_rest":365,"minecraft:interact_with_furnace":1,"minecraft:sprint_one_cm":178540,"minecraft:damage_taken":1010,"minecraft:walk_one_cm":180012,"minecraft:mob_kills":1,"minecraft:drop":3,"minecraft:damage_dealt":325,"minecraft:swim_one_cm":14548,"minecraft:interact_with_crafting_table":11,"minecraft:fly_one_cm":29398,"minecraft:open_chest":6,"minecraft:crouch_one_cm":41,"minecraft:play_time":54102,"minecraft:deaths":4,"minecraft:sneak_time":241,"minecraft:walk_under_water_one_cm":13919,"minecraft:jump":453,"minecraft:leave_game":3,"minecraft:walk_on_water_one_cm":11347,"minecraft:time_since_death":345,"minecraft:sleep_in_bed":3,"minecraft:total_world_time":54102,"minecraft:fall_one_cm":7204},"minecraft:crafted":{"minecraft:wooden_sword":1,"minecraft:oak_door":3,"minecraft:oak_planks":144,"minecraft:crafting_table":2,"minecraft:stick":112,"minecraft:wooden_pickaxe":1,"minecraft:iron_pickaxe":1,"minecraft:stone_pickaxe":1,"minecraft:wooden_axe":1,"minecraft:stone_sword":1,"minecraft:chest":1,"minecraft:torch":28,"minecraft:stone_axe":1},"minecraft:dropped":{"minecraft:poppy":2,"minecraft:arrow":1},"minecraft:killed":{"minecraft:zombie":1},"minecraft:picked_up":{"minecraft:wooden_axe":2,"minecraft:stick":100,"minecraft:crafting_table":3,"minecraft:oak_door":2,"minecraft:torch":11,"minecraft:poisonous_potato":2,"minecraft:oak_log":42,"minecraft:white_bed":3,"minecraft:dirt":62,"minecraft:arrow":1,"minecraft:wooden_sword":2,"minecraft:rotten_flesh":12,"minecraft:apple":3,"minecraft:iron_ingot":3,"minecraft:poppy":3,"minecraft:iron_pickaxe":2,"minecraft:oak_sapling":7,"minecraft:oak_planks":32,"minecraft:coal":31,"minecraft:snowball":26,"minecraft:cobblestone":59}},"DataVersion":3120}