{"stats":{"minecraft:broken":{"minecraft:stone_axe":2},"minecraft:custom":{"minecraft:interact_with_furnace":16,"minecraft:mob_kills":38,"minecraft:interact_with_crafting_table":6,"minecraft:bell_ring":2,"minecraft:leave_game":3,"minecraft:time_since_death":101262,"minecraft:sleep_in_bed":5,"minecraft:time_since_rest":10298,"minecraft:sprint_one_cm":551053,"minecraft:damage_taken":960,"minecraft:walk_one_cm":167866,"minecraft:drop":10,"minecraft:damage_dealt":3022,"minecraft:talked_to_villager":5,"minecraft:swim_one_cm":51680,"minecraft:fly_one_cm":131565,"minecraft:open_chest":11,"minecraft:crouch_one_cm":2570,"minecraft:play_time":101262,"minecraft:sneak_time":2014,"minecraft:walk_under_water_one_cm":13844,"minecraft:boat_one_cm":22818,"minecraft:jump":1104,"minecraft:walk_on_water_one_cm":37472,"minecraft:total_world_time":101262,"minecraft:fall_one_cm":19809},"minecraft:crafted":{"minecraft:cooked_cod":3,"minecraft:oak_planks":216,"minecraft:cooked_porkchop":4,"minecraft:oak_pressure_plate":1,"minecraft:cooked_chicken":1,"minecraft:spruce_planks":32,"minecraft:wooden_pickaxe":1,"minecraft:cooked_salmon":14,"minecraft:stone_axe":2,"minecraft:oak_boat":1,"minecraft:stick":4,"minecraft:stone_pickaxe":1,"minecraft:chest":1},"minecraft:dropped":{"minecraft:sweet_berries":7,"minecraft:cobblestone":5,"minecraft:oak_boat":1,"minecraft:cooked_salmon":2},"minecraft:used":{"minecraft:stone_pickaxe":27,"minecraft:oak_planks":33,"minecraft:chest":2,"minecraft:wooden_pickaxe":14,"minecraft:blue_bed":3,"minecraft:cooked_salmon":13,"minecraft:rotten_flesh":1,"minecraft:torch":2,"minecraft:crafting_table":2,"minecraft:carrot":5,"minecraft:apple":3,"minecraft:lantern":1,"minecraft:bread":3,"minecraft:oak_pressure_plate":2,"minecraft:stone_axe":188,"minecraft:furnace":1,"minecraft:oak_sapling":19,"minecraft:cooked_cod":3,"minecraft:oak_boat":1,"minecraft:potato":22},"minecraft:killed":{"minecraft:pig":2,"minecraft:salmon":19,"minecraft:spider":1,"minecraft:cod":3,"minecraft:creeper":1,"minecraft:sheep":1,"minecraft:skeleton":5,"minecraft:zombie":2,"minecraft:chicken":1,"minecraft:drowned":1,"minecraft:cow":1},"minecraft:picked_up":{"minecraft:crafting_table":3,"minecraft:lilac":12,"minecraft:chicken":1,"minecraft:salmon":16,"minecraft:wooden_pickaxe":1,"minecraft:potato":20,"minecraft:oak_log":95,"minecraft:brewing_stand":1,"minecraft:shield":1,"minecraft:gunpowder":1,"minecraft:lantern":21,"minecraft:dirt":4,"minecraft:blue_bed":3,"minecraft:string":2,"minecraft:cooked_salmon":1,"minecraft:bone":6,"minecraft:apple":3,"minecraft:wheat_seeds":12,"minecraft:rabbit_hide":1,"minecraft:oak_boat":1,"minecraft:sugar_cane":3,"minecraft:chest":1,"minecraft:oak_planks":3,"minecraft:furnace":1,"minecraft:stick":15,"minecraft:sweet_berries":18,"minecraft:torch":4,"minecraft:oak_pressure_plate":1,"minecraft:porkchop":4,"minecraft:sand":16,"minecraft:spruce_sapling":5,"minecraft:pointed_dripstone":1,"minecraft:carrot":5,"minecraft:spruce_log":40,"minecraft:arrow":4,"minecraft:rotten_flesh":2,"minecraft:bone_meal":2,"minecraft:oak_sapling":33,"minecraft:mutton":2,"minecraft:cod":3,"minecraft:snowball":4,"minecraft:white_wool":1,"minecraft:cobblestone":14},"minecraft:mined":{"minecraft:oak_sapling":8,"minecraft:torch":4,"minecraft:brewing_stand":1,"minecraft:crafting_table":3,"minecraft:grass_block":2,"minecraft:chest":1,"minecraft:spruce_leaves":22,"minecraft:oak_planks":1,"minecraft:sugar_cane":1,"minecraft:blue_bed":2,"minecraft:seagrass":4,"minecraft:tall_seagrass":6,"minecraft:furnace":1,"minecraft:carrots":4,"minecraft:wheat":12,"minecraft:sweet_berry_bush":5,"minecraft:lilac":12,"minecraft:spruce_log":40,"minecraft:potatoes":20,"minecraft:oak_log":95,"minecraft:dirt_path":1,"minecraft:lantern":22,"minecraft:sand":11,"minecraft:stone":14,"minecraft:oak_leaves":22}},"DataVersion":3120}