{"stats":{"minecraft:killed_by":{"minecraft:player":2,"minecraft:wolf":1,"minecraft:stray":1,"minecraft:iron_golem":2,"minecraft:drowned":1},"minecraft:used":{"minecraft:wheat_seeds":4,"minecraft:poppy":1,"minecraft:spruce_planks":6,"minecraft:wooden_pickaxe":30,"minecraft:spruce_sign":2,"minecraft:rotten_flesh":2,"minecraft:dirt":2,"minecraft:crafting_table":3,"minecraft:red_bed":12,"minecraft:wooden_hoe":2,"minecraft:iron_pickaxe":21,"minecraft:stone_axe":2,"minecraft:sweet_berries":10,"minecraft:porkchop":2,"minecraft:beetroot_seeds":5,"minecraft:potato":1},"minecraft:custom":{"minecraft:mob_kills":5,"minecraft:interact_with_crafting_table":11,"minecraft:leave_game":3,"minecraft:time_since_death":3688,"minecraft:sleep_in_bed":5,"minecraft:time_since_rest":1024,"minecraft:sprint_one_cm":172045,"minecraft:damage_taken":3033,"minecraft:walk_one_cm":185197,"minecraft:drop":14,"minecraft:damage_dealt":1154,"minecraft:swim_one_cm":47743,"minecraft:talked_to_villager":4,"minecraft:fly_one_cm":481560,"minecraft:open_chest":6,"minecraft:crouch_one_cm":209,"minecraft:play_time":72681,"minecraft:deaths":12,"minecraft:sneak_time":1447,"minecraft:walk_under_water_one_cm":15205,"minecraft:jump":2380,"minecraft:walk_on_water_one_cm":19346,"minecraft:total_world_time":72681,"minecraft:fall_one_cm":78186},"minecraft:mined":{"minecraft:spruce_planks":5,"minecraft:red_bed":11,"minecraft:crafting_table":3,"minecraft:grass_block":2,"minecraft:spruce_wall_sign":3,"minecraft:spruce_leaves":21,"minecraft:large_fern":5,"minecraft:sweet_berry_bush":4,"minecraft:ice":14,"minecraft:spruce_log":6,"minecraft:grass":30,"minecraft:potatoes":1,"minecraft:beetroots":4,"minecraft:sand":1,"minecraft:packed_ice":1,"minecraft:stone":43,"minecraft:oak_leaves":6,"minecraft:fern":3},"minecraft:crafted":{"minecraft:red_dye":2,"minecraft:oak_door":3,"minecraft:stone_shovel":1,"minecraft:crafting_table":2,"minecraft:spruce_planks":24,"minecraft:wooden_pickaxe":1,"minecraft:red_bed":1,"minecraft:bone_meal":6,"minecraft:stone_axe":2,"minecraft:shield":1,"minecraft:stick":16,"minecraft:iron_pickaxe":1,"minecraft:stone_pickaxe":1,"minecraft:stone_sword":1},"minecraft:dropped":{"minecraft:oak_door":3,"minecraft:iron_ingot":3,"minecraft:wheat_seeds":1,"minecraft:crafting_table":1,"minecraft:beetroot":3,"minecraft:rotten_flesh":1,"minecraft:wooden_hoe":1,"minecraft:beetroot_seeds":8,"minecraft:sand":1,"minecraft:red_dye":1,"minecraft:wooden_pickaxe":2},"minecraft:killed":{"minecraft:wolf":1,"minecraft:pig":1,"minecraft:iron_golem":1,"minecraft:zombie":1},"minecraft:picked_up":{"minecraft:crafting_table":7,"minecraft:wooden_pickaxe":7,"minecraft:potato":1,"minecraft:wooden_hoe":2,"minecraft:dirt":2,"minecraft:red_bed":11,"minecraft:bone":2,"minecraft:beetroot":3,"minecraft:wheat_seeds":5,"minecraft:spruce_planks":30,"minecraft:iron_ingot":11,"minecraft:red_dye":1,"minecraft:stone_pickaxe":1,"minecraft:poppy":11,"minecraft:oak_planks":70,"minecraft:stick":2,"minecraft:sweet_berries":14,"minecraft:porkchop":2,"minecraft:sand":1,"minecraft:spruce_sapling":1,"minecraft:spruce_log":6,"minecraft:rotten_flesh":3,"minecraft:beetroot_seeds":13,"minecraft:spruce_sign":2,"minecraft:cobblestone":60}},"DataVersion":3120}