{"stats":{"minecraft:killed_by":{"minecraft:player":1,"minecraft:wolf":1,"minecraft:stray":1,"minecraft:iron_golem":2,"minecraft:drowned":1,"minecraft:skeleton":6,"minecraft:zombie":5},"minecraft:used":{"minecraft:oak_trapdoor":2,"minecraft:iron_shovel":40,"minecraft:stone_shovel":264,"minecraft:poppy":3,"minecraft:chest":2,"minecraft:spruce_planks":198,"minecraft:shield":126,"minecraft:iron_sword":205,"minecraft:cooked_salmon":5,"minecraft:cooked_chicken":1,"minecraft:rotten_flesh":14,"minecraft:torch":13,"minecraft:dirt":159,"minecraft:mutton":2,"minecraft:spruce_stairs":20,"minecraft:carrot":10,"minecraft:snowball":12,"minecraft:wooden_axe":5,"minecraft:lantern":1,"minecraft:iron_axe":337,"minecraft:beef":1,"minecraft:sweet_berries":23,"minecraft:oak_sapling":17,"minecraft:furnace":13,"minecraft:beetroot_seeds":2,"minecraft:cooked_beef":1,"minecraft:potato":30,"minecraft:stripped_spruce_wood":1,"minecraft:wheat_seeds":14,"minecraft:cooked_mutton":4,"minecraft:spruce_door":9,"minecraft:snow_block":9,"minecraft:oak_planks":40,"minecraft:stone_pickaxe":29,"minecraft:baked_potato":27,"minecraft:wooden_pickaxe":15,"minecraft:spruce_fence_gate":1,"minecraft:blue_bed":7,"minecraft:white_wool":1,"minecraft:sand":93,"minecraft:crafting_table":18,"minecraft:red_bed":8,"minecraft:blue_ice":2,"minecraft:white_bed":5,"minecraft:spruce_log":9,"minecraft:oak_log":1,"minecraft:wooden_hoe":44,"minecraft:string":2,"minecraft:iron_pickaxe":134,"minecraft:spruce_sapling":3,"minecraft:gravel":2,"minecraft:stone_axe":180,"minecraft:cobblestone":8,"minecraft:cooked_porkchop":12,"minecraft:oak_boat":14,"minecraft:gray_wool":1},"minecraft:custom":{"minecraft:mob_kills":56,"minecraft:interact_with_crafting_table":42,"minecraft:bell_ring":51,"minecraft:leave_game":11,"minecraft:time_since_death":46105,"minecraft:sprint_one_cm":1213222,"minecraft:walk_one_cm":490995,"minecraft:damage_blocked_by_shield":4050,"minecraft:drop":71,"minecraft:talked_to_villager":13,"minecraft:play_time":321659,"minecraft:deaths":27,"minecraft:sneak_time":12347,"minecraft:walk_under_water_one_cm":26450,"minecraft:boat_one_cm":117482,"minecraft:jump":8246,"minecraft:walk_on_water_one_cm":30345,"minecraft:total_world_time":321659,"minecraft:interact_with_furnace":109,"minecraft:sleep_in_bed":26,"minecraft:time_since_rest":3057,"minecraft:damage_taken":9902,"minecraft:damage_dealt":11808,"minecraft:player_kills":1,"minecraft:swim_one_cm":105301,"minecraft:fly_one_cm":1485417,"minecraft:open_chest":83,"minecraft:crouch_one_cm":33662,"minecraft:fall_one_cm":259901},"minecraft:mined":{"minecraft:spruce_planks":33,"minecraft:white_bed":5,"minecraft:oak_sapling":3,"minecraft:grass_block":52,"minecraft:oak_pressure_plate":1,"minecraft:spruce_leaves":54,"minecraft:composter":1,"minecraft:large_fern":1,"minecraft:oak_trapdoor":2,"minecraft:furnace":14,"minecraft:carrots":4,"minecraft:iron_ore":4,"minecraft:snow":94,"minecraft:stripped_spruce_log":1,"minecraft:deepslate_lapis_ore":5,"minecraft:potatoes":37,"minecraft:deepslate_iron_ore":15,"minecraft:dirt_path":1,"minecraft:lantern":1,"minecraft:packed_ice":28,"minecraft:stone":15,"minecraft:tripwire":1,"minecraft:deepslate_redstone_ore":6,"minecraft:red_bed":9,"minecraft:snow_block":1,"minecraft:spruce_door":11,"minecraft:crafting_table":15,"minecraft:torch":3,"minecraft:poppy":1,"minecraft:chest":2,"minecraft:deepslate_gold_ore":11,"minecraft:sugar_cane":4,"minecraft:oak_planks":200,"minecraft:blue_bed":11,"minecraft:wall_torch":2,"minecraft:spruce_stairs":8,"minecraft:gray_wool":1,"minecraft:stripped_spruce_wood":1,"minecraft:blue_ice":24,"minecraft:wheat":4,"minecraft:sweet_berry_bush":8,"minecraft:ice":34,"minecraft:spruce_log":118,"minecraft:grass":20,"minecraft:oak_log":32,"minecraft:beetroots":1,"minecraft:gravel":3,"minecraft:sand":103,"minecraft:dirt":24,"minecraft:spruce_fence_gate":1,"minecraft:oak_leaves":4,"minecraft:deepslate":4,"minecraft:fern":4},"minecraft:broken":{"minecraft:iron_axe":1,"minecraft:stone_axe":1,"minecraft:stone_shovel":2},"minecraft:crafted":{"minecraft:oak_planks":96,"minecraft:stone_shovel":2,"minecraft:iron_nugget":36,"minecraft:bone_meal":30,"minecraft:cooked_mutton":3,"minecraft:oak_trapdoor":2,"minecraft:lantern":4,"minecraft:spruce_stairs":16,"minecraft:iron_axe":3,"minecraft:stone_pickaxe":1,"minecraft:chest":2,"minecraft:cooked_beef":1,"minecraft:cooked_porkchop":9,"minecraft:crafting_table":7,"minecraft:spruce_planks":180,"minecraft:wooden_pickaxe":1,"minecraft:baked_potato":27,"minecraft:iron_sword":1,"minecraft:stone_axe":2,"minecraft:air":0,"minecraft:oak_boat":1,"minecraft:wooden_hoe":2,"minecraft:charcoal":43,"minecraft:shield":3,"minecraft:stick":32,"minecraft:iron_ingot":20,"minecraft:iron_pickaxe":1,"minecraft:wooden_axe":1,"minecraft:snow_block":35,"minecraft:iron_shovel":1,"minecraft:torch":28},"minecraft:dropped":{"minecraft:iron_ingot":5,"minecraft:iron_sword":1,"minecraft:wheat_seeds":4,"minecraft:oak_pressure_plate":3,"minecraft:baked_potato":1,"minecraft:spruce_stairs":2,"minecraft:stick":1,"minecraft:red_bed":1,"minecraft:gray_wool":6,"minecraft:wooden_hoe":1,"minecraft:mutton":12,"minecraft:snowball":21,"minecraft:iron_axe":1,"minecraft:white_wool":8,"minecraft:bone":3,"minecraft:rotten_flesh":7,"minecraft:oak_planks":2,"minecraft:salmon":4,"minecraft:carrot":1,"minecraft:shield":3,"minecraft:beetroot_seeds":1,"minecraft:oak_boat":1,"minecraft:blue_ice":1,"minecraft:spider_eye":4,"minecraft:arrow":2},"minecraft:killed":{"minecraft:spider":4,"minecraft:skeleton":5,"minecraft:pig":4,"minecraft:salmon":7,"minecraft:rabbit":1,"minecraft:iron_golem":6,"minecraft:sheep":3,"minecraft:zombie":19,"minecraft:cow":3},"minecraft:picked_up":{"minecraft:charcoal":61,"minecraft:crafting_table":22,"minecraft:wheat":1,"minecraft:shield":16,"minecraft:oak_trapdoor":24,"minecraft:string":33,"minecraft:red_bed":16,"minecraft:iron_axe":4,"minecraft:cooked_salmon":5,"minecraft:iron_shovel":1,"minecraft:cobbled_deepslate":9,"minecraft:spruce_planks":44,"minecraft:beef":7,"minecraft:oak_boat":31,"minecraft:iron_nugget":4,"minecraft:poppy":42,"minecraft:iron_pickaxe":10,"minecraft:sugar_cane":201,"minecraft:chest":9,"minecraft:furnace":64,"minecraft:stick":21,"minecraft:raw_iron":38,"minecraft:composter":4,"minecraft:torch":46,"minecraft:spruce_stairs":19,"minecraft:porkchop":9,"minecraft:snow_block":2,"minecraft:pointed_dripstone":11,"minecraft:carrot":11,"minecraft:redstone":27,"minecraft:stone_shovel":17,"minecraft:rotten_flesh":48,"minecraft:arrow":76,"minecraft:beetroot_seeds":3,"minecraft:mutton":18,"minecraft:snowball":280,"minecraft:white_wool":13,"minecraft:cobblestone":88,"minecraft:glow_ink_sac":138,"minecraft:salmon":16,"minecraft:leather":62,"minecraft:potato":94,"minecraft:flint":19,"minecraft:stripped_spruce_wood":1,"minecraft:oak_log":117,"minecraft:gunpowder":22,"minecraft:blue_bed":15,"minecraft:wooden_hoe":3,"minecraft:lapis_lazuli":27,"minecraft:dirt":186,"minecraft:lantern":5,"minecraft:cooked_mutton":1,"minecraft:bone":16,"minecraft:wheat_seeds":23,"minecraft:raw_gold":11,"minecraft:rabbit_hide":4,"minecraft:iron_ingot":42,"minecraft:stone_pickaxe":17,"minecraft:rabbit":5,"minecraft:oak_planks":371,"minecraft:iron_sword":8,"minecraft:sweet_berries":29,"minecraft:oak_pressure_plate":7,"minecraft:dripstone_block":5,"minecraft:gravel":32,"minecraft:sand":963,"minecraft:stripped_spruce_log":1,"minecraft:spruce_sapling":59,"minecraft:white_bed":7,"minecraft:spruce_log":553,"minecraft:spider_eye":40,"minecraft:spruce_door":17,"minecraft:spruce_fence_gate":1,"minecraft:stone_axe":9,"minecraft:gray_wool":8,"minecraft:spruce_sign":6,"minecraft:baked_potato":1,"minecraft:oak_sapling":78,"minecraft:coal":2}},"DataVersion":3120}